observableId	time	measurement	simulationConditionId
obs_B	5.0	0.673231657916181	experiment1
obs_B	10.0	0.6766774624893135	experiment1
obs_B	15.0	0.7143793585728687	experiment1
obs_B	20.0	0.7785614109213947	experiment1
obs_B	25.0	0.7600262033800436	experiment1
obs_B	30.0	0.6178005337829766	experiment1
obs_B	35.0	0.7141708181146751	experiment1
obs_B	40.0	0.6590987750003527	experiment1
