observableId	time	measurement	simulationConditionId
obs_B	1.0	0.22347452266431914	experiment1
obs_B	2.0	0.3993896102774007	experiment1
obs_B	3.0	0.48476618379327596	experiment1
obs_B	4.0	0.6151310208501563	experiment1
obs_B	5.0	0.6230809111588149	experiment1
obs_B	6.0	0.6191106883675849	experiment1
obs_B	7.0	0.653616028480323	experiment1
obs_B	8.0	0.6601935692115326	experiment1
